Number,Name,ID,Gen MW,Gen Mvar,Set Volt,AGC,AVR,Min MW,Max MW,Min Mvar,Max Mvar,Part. Factor,Test No,Group,Condition
14,PALOONA ,1,10.8,74.47,1,NO ,YES,0,140,-9900,9900,100,1,GR,OK
21,DEVILS B,1,-205.78,85.44,1.02,YES,YES,0,200,-9900,9900,100,1,GR,OK
33,SLACK   ,1,-232.72,95.48,1.02,NO ,YES,0,300,-9900,9900,100,1,GR,OK
33,SLACK   ,2,-108.6,95.48,1.02,YES,YES,0,140,-9900,9900,100,1,GR,OK
38,MACKINTO,1,80,5.71,1,YES,YES,0,1000,-9900,9900,10,1,GR,OK
43,BASTYAN ,1,80,-4.09,1,YES,YES,0,1000,-9900,9900,10,1,GR,OK
44,JOHN BUT,1,144,-15.9,1,YES,YES,0,1000,-9900,9900,10,1,GR,OK
45,TRIBUTE ,1,83,-4.7,1,YES,YES,0,1000,-9900,9900,10,1,GR,OK
46,REECE   ,1,115,-10.86,1,YES,YES,0,1000,-9900,9900,10,1,GR,OK
47,REECE   ,1,115,-10.86,1,YES,YES,0,1000,-9900,9900,10,1,GR,OK
48,CETHANA ,1,85,29.64,1,YES,YES,0,1000,-9900,9900,10,1,GR,OK
49,WILMOT  ,1,51,36.98,1,YES,YES,0,1000,-9900,9900,10,1,GR,OK
50,LEMONTHY,1,30,41.87,1,YES,YES,0,1000,-9900,9900,10,1,GR,OK
52,ROWALLAN,1,11,-52.99,1,YES,YES,0,1000,-9900,9900,10,1,GR,OK
54,TAMAR VA,1,200,30.2,1,YES,YES,0,210,-9900,9900,10,1,GR,OK
121,NBUS    ,1,43,74.46,1,YES,YES,0,60,-9900,9900,10,1,GR,OK
14,PALOONA,1,10.8,8.27,1,NO,YES,0,140,-9900,9900,100,2,GR,OK
21,DEVILS B,1,-139.76,42.18,1.02,YES,YES,0,200,-9900,9900,100,2,GR,OK
33,SLACK,1,-199.2,61.98,1.02,NO,YES,0,300,-9900,9900,100,2,GR,OK
33,SLACK,2,-92.96,61.98,1.02,YES,YES,0,140,-9900,9900,100,2,GR,OK
38,MACKINTO,1,80,-16.74,1,YES,YES,0,1000,-9900,9900,10,2,GR,OK
43,BASTYAN,1,80,-14.56,1,YES,YES,0,1000,-9900,9900,10,2,GR,OK
44,JOHN BUT,1,0,0,1,YES,YES,0,1000,-9900,9900,10,2,GR,OK
45,TRIBUTE,1,83,-15.16,1,YES,YES,0,1000,-9900,9900,10,2,GR,OK
46,REECE,1,115,-21.28,1,YES,YES,0,1000,-9900,9900,10,2,GR,OK
47,REECE,1,115,-21.28,1,YES,YES,0,1000,-9900,9900,10,2,GR,OK
48,CETHANA,1,85,8.36,1,YES,YES,0,1000,-9900,9900,10,2,GR,OK
49,WILMOT,1,51,15.6,1,YES,YES,0,1000,-9900,9900,10,2,GR,OK
50,LEMONTHY,1,30,20.43,1,YES,YES,0,1000,-9900,9900,10,2,GR,OK
52,ROWALLAN,1,11,-31.86,1,YES,YES,0,1000,-9900,9900,10,2,GR,OK
54,TAMAR VA,1,200,17.52,1,YES,YES,0,210,-9900,9900,10,2,GR,OK
121,NBUS,1,43,30.73,1,YES,YES,0,60,-9900,9900,10,2,GR,OK
14,PALOONA,1,10.8,19.42,1,NO,YES,0,140,-9900,9900,100,3,GR,OK
21,DEVILS B,1,-152.95,49.41,1.02,YES,YES,0,200,-9900,9900,100,3,GR,OK
33,SLACK,1,-206.32,67.94,1.02,NO,YES,0,300,-9900,9900,100,3,GR,OK
33,SLACK,2,-96.28,67.94,1.02,YES,YES,0,140,-9900,9900,100,3,GR,OK
38,MACKINTO,1,80,-12.43,1,YES,YES,0,1000,-9900,9900,10,3,GR,OK
43,BASTYAN,1,80,-12.04,1,YES,YES,0,1000,-9900,9900,10,3,GR,OK
44,JOHN BUT,1,144,-23.79,1,YES,YES,0,1000,-9900,9900,10,3,GR,OK
45,TRIBUTE,1,83,-12.64,1,YES,YES,0,1000,-9900,9900,10,3,GR,OK
46,REECE,1,0,0,1,YES,YES,0,1000,-9900,9900,10,3,GR,OK
47,REECE,1,115,-18.77,1,YES,YES,0,1000,-9900,9900,10,3,GR,OK
48,CETHANA,1,85,12.2,1,YES,YES,0,1000,-9900,9900,10,3,GR,OK
49,WILMOT,1,51,19.45,1,YES,YES,0,1000,-9900,9900,10,3,GR,OK
50,LEMONTHY,1,30,24.3,1,YES,YES,0,1000,-9900,9900,10,3,GR,OK
52,ROWALLAN,1,11,-35.66,1,YES,YES,0,1000,-9900,9900,10,3,GR,OK
54,TAMAR VA,1,200,19.8,1,YES,YES,0,210,-9900,9900,10,3,GR,OK
121,NBUS,1,43,38.52,1,YES,YES,0,60,-9900,9900,10,3,GR,OK
14,PALOONA,1,10.8,19.42,1,NO,YES,0,140,-9900,9900,100,4,GR,OK
21,DEVILS B,1,-152.95,49.41,1.02,YES,YES,0,200,-9900,9900,100,4,GR,OK
33,SLACK,1,-206.32,67.94,1.02,NO,YES,0,300,-9900,9900,100,4,GR,OK
33,SLACK,2,-96.28,67.94,1.02,YES,YES,0,140,-9900,9900,100,4,GR,OK
38,MACKINTO,1,80,-12.43,1,YES,YES,0,1000,-9900,9900,10,4,GR,OK
43,BASTYAN,1,80,-12.04,1,YES,YES,0,1000,-9900,9900,10,4,GR,OK
44,JOHN BUT,1,144,-23.79,1,YES,YES,0,1000,-9900,9900,10,4,GR,OK
45,TRIBUTE,1,83,-12.64,1,YES,YES,0,1000,-9900,9900,10,4,GR,OK
46,REECE,1,115,-18.77,1,YES,YES,0,1000,-9900,9900,10,4,GR,OK
47,REECE,1,0,0,1,YES,YES,0,1000,-9900,9900,10,4,GR,OK
48,CETHANA,1,85,12.2,1,YES,YES,0,1000,-9900,9900,10,4,GR,OK
49,WILMOT,1,51,19.45,1,YES,YES,0,1000,-9900,9900,10,4,GR,OK
50,LEMONTHY,1,30,24.3,1,YES,YES,0,1000,-9900,9900,10,4,GR,OK
52,ROWALLAN,1,11,-35.66,1,YES,YES,0,1000,-9900,9900,10,4,GR,OK
54,TAMAR VA,1,200,19.8,1,YES,YES,0,210,-9900,9900,10,4,GR,OK
121,NBUS,1,43,38.52,1,YES,YES,0,60,-9900,9900,10,4,GR,OK
14,PALOONA,1,10.8,33.47,1,NO,YES,0,140,-9900,9900,100,5,GR,OK
21,DEVILS B,1,-161.11,55.66,1.02,YES,YES,0,200,-9900,9900,100,5,GR,OK
33,SLACK,1,-210.77,73.18,1.02,NO,YES,0,300,-9900,9900,100,5,GR,OK
33,SLACK,2,-98.36,73.18,1.02,YES,YES,0,140,-9900,9900,100,5,GR,OK
38,MACKINTO,1,80,-3.05,1,YES,YES,0,1000,-9900,9900,10,5,GR,OK
43,BASTYAN,1,80,-5.45,1,YES,YES,0,1000,-9900,9900,10,5,GR,OK
44,JOHN BUT,1,144,-17.25,1,YES,YES,0,1000,-9900,9900,10,5,GR,OK
45,TRIBUTE,1,83,-6.06,1,YES,YES,0,1000,-9900,9900,10,5,GR,OK
46,REECE,1,115,-12.21,1,YES,YES,0,1000,-9900,9900,10,5,GR,OK
47,REECE,1,115,-12.21,1,YES,YES,0,1000,-9900,9900,10,5,GR,OK
48,CETHANA,1,0,0,1,YES,YES,0,1000,-9900,9900,10,5,GR,OK
49,WILMOT,1,51,33.78,1,YES,YES,0,1000,-9900,9900,10,5,GR,OK
50,LEMONTHY,1,30,38.66,1,YES,YES,0,1000,-9900,9900,10,5,GR,OK
52,ROWALLAN,1,11,-49.82,1,YES,YES,0,1000,-9900,9900,10,5,GR,OK
54,TAMAR VA,1,200,28.3,1,YES,YES,0,210,-9900,9900,10,5,GR,OK
121,NBUS,1,43,67.84,1,YES,YES,0,60,-9900,9900,10,5,GR,OK
14,PALOONA,1,10.8,-5.17,1,NO,YES,0,140,-9900,9900,100,6,GR,OK
21,DEVILS B,1,-83.85,23.45,1.02,YES,YES,0,200,-9900,9900,100,6,GR,OK
33,SLACK,1,-167.83,44.31,1.02,NO,YES,0,300,-9900,9900,100,6,GR,OK
33,SLACK,2,-78.32,44.31,1.02,YES,YES,0,140,-9900,9900,100,6,GR,OK
38,MACKINTO,1,80,-12.63,1,YES,YES,0,1000,-9900,9900,10,6,GR,OK
43,BASTYAN,1,80,-3.14,1,YES,YES,0,1000,-9900,9900,10,6,GR,OK
44,JOHN BUT,1,144,-14.95,1,YES,YES,0,1000,-9900,9900,10,6,GR,OK
45,TRIBUTE,1,83,-3.75,1,YES,YES,0,1000,-9900,9900,10,6,GR,OK
46,REECE,1,115,-9.91,1,YES,YES,0,1000,-9900,9900,10,6,GR,OK
47,REECE,1,115,-9.91,1,YES,YES,0,1000,-9900,9900,10,6,GR,OK
48,CETHANA,1,85,47.78,1,YES,YES,0,1000,-9900,9900,10,6,GR,OK
49,WILMOT,1,51,55.2,1,YES,YES,0,1000,-9900,9900,10,6,GR,OK
50,LEMONTHY,1,30,60.15,1,YES,YES,0,1000,-9900,9900,10,6,GR,OK
52,ROWALLAN,1,11,-70.94,1,YES,YES,0,1000,-9900,9900,10,6,GR,OK
54,TAMAR VA,1,0,0,1,YES,YES,0,210,-9900,9900,10,6,GR,OK
121,NBUS,1,43,112.45,1,YES,YES,0,60,-9900,9900,10,6,GR,OK
14,PALOONA,1,10.8,-28.45,1,NO,YES,0,140,-9900,9900,100,7,GR,OK
21,DEVILS B,1,-85.77,18.78,1.02,YES,YES,0,200,-9900,9900,100,7,GR,OK
33,SLACK,1,-168.31,40.87,1.02,NO,YES,0,300,-9900,9900,100,7,GR,OK
33,SLACK,2,-78.54,40.87,1.02,YES,YES,0,140,-9900,9900,100,7,GR,OK
38,MACKINTO,1,80,-32.03,1,YES,YES,0,1000,-9900,9900,10,7,GR,OK
43,BASTYAN,1,80,-23.49,1,YES,YES,0,1000,-9900,9900,10,7,GR,OK
44,JOHN BUT,1,0,0,1,YES,YES,0,1000,-9900,9900,10,7,GR,OK
45,TRIBUTE,1,83,-24.09,1,YES,YES,0,1000,-9900,9900,10,7,GR,OK
46,REECE,1,0,0,1,YES,YES,0,1000,-9900,9900,10,7,GR,OK
47,REECE,1,115,-30.17,1,YES,YES,0,1000,-9900,9900,10,7,GR,OK
48,CETHANA,1,85,-4.97,1,YES,YES,0,1000,-9900,9900,10,7,GR,OK
49,WILMOT,1,51,2.22,1,YES,YES,0,1000,-9900,9900,10,7,GR,OK
50,LEMONTHY,1,30,7.01,1,YES,YES,0,1000,-9900,9900,10,7,GR,OK
52,ROWALLAN,1,11,-18.6,1,YES,YES,0,1000,-9900,9900,10,7,GR,OK
54,TAMAR VA,1,200,9.61,1,YES,YES,0,210,-9900,9900,10,7,GR,OK
121,NBUS,1,43,3.84,1,YES,YES,0,60,-9900,9900,10,7,GR,OK
14,PALOONA,1,10.8,-9.82,1,NO,YES,0,140,-9900,9900,100,8,GR,OK
21,DEVILS B,1,-108.81,28.59,1.02,YES,YES,0,200,-9900,9900,100,8,GR,OK
33,SLACK,1,-182.21,50.28,1.02,NO,YES,0,300,-9900,9900,100,8,GR,OK
33,SLACK,2,-85.03,50.28,1.02,YES,YES,0,140,-9900,9900,100,8,GR,OK
38,MACKINTO,1,80,-19.57,1,YES,YES,0,1000,-9900,9900,10,8,GR,OK
43,BASTYAN,1,80,-13.54,1,YES,YES,0,1000,-9900,9900,10,8,GR,OK
44,JOHN BUT,1,144,-25.28,1,YES,YES,0,1000,-9900,9900,10,8,GR,OK
45,TRIBUTE,1,83,-14.15,1,YES,YES,0,1000,-9900,9900,10,8,GR,OK
46,REECE,1,115,-20.27,1,YES,YES,0,1000,-9900,9900,10,8,GR,OK
47,REECE,1,0,0,1,YES,YES,0,1000,-9900,9900,10,8,GR,OK
48,CETHANA,1,0,0,1,YES,YES,0,1000,-9900,9900,10,8,GR,OK
49,WILMOT,1,51,15.37,1,YES,YES,0,1000,-9900,9900,10,8,GR,OK
50,LEMONTHY,1,30,20.2,1,YES,YES,0,1000,-9900,9900,10,8,GR,OK
52,ROWALLAN,1,11,-31.61,1,YES,YES,0,1000,-9900,9900,10,8,GR,OK
54,TAMAR VA,1,200,17.38,1,YES,YES,0,210,-9900,9900,10,8,GR,OK
121,NBUS,1,43,30.23,1,YES,YES,0,60,-9900,9900,10,8,GR,OK
14,PALOONA,1,10.8,-18.52,1,NO,YES,0,140,-9900,9900,100,9,GR,OK
21,DEVILS B,1,-38.13,12.41,1.02,YES,YES,0,200,-9900,9900,100,9,GR,OK
33,SLACK,1,-140.36,31.24,1.02,NO,YES,0,300,-9900,9900,100,9,GR,OK
33,SLACK,2,-65.5,31.24,1.02,YES,YES,0,140,-9900,9900,100,9,GR,OK
38,MACKINTO,1,80,-17.26,1,YES,YES,0,1000,-9900,9900,10,9,GR,OK
43,BASTYAN,1,80,-1.73,1,YES,YES,0,1000,-9900,9900,10,9,GR,OK
44,JOHN BUT,1,144,-13.56,1,YES,YES,0,1000,-9900,9900,10,9,GR,OK
45,TRIBUTE,1,83,-2.34,1,YES,YES,0,1000,-9900,9900,10,9,GR,OK
46,REECE,1,115,-8.51,1,YES,YES,0,1000,-9900,9900,10,9,GR,OK
47,REECE,1,115,-8.51,1,YES,YES,0,1000,-9900,9900,10,9,GR,OK
48,CETHANA,1,0,0,1,YES,YES,0,1000,-9900,9900,10,9,GR,OK
49,WILMOT,1,51,66.61,1,YES,YES,0,1000,-9900,9900,10,9,GR,OK
50,LEMONTHY,1,30,71.6,1,YES,YES,0,1000,-9900,9900,10,9,GR,OK
52,ROWALLAN,1,11,-82.3,1,YES,YES,0,1000,-9900,9900,10,9,GR,OK
54,TAMAR VA,1,0,0,1,YES,YES,0,210,-9900,9900,10,9,GR,OK
121,NBUS,1,43,136.83,1,YES,YES,0,60,-9900,9900,10,9,GR,OK
14,PALOONA,1,10.8,-20.51,1,NO,YES,0,140,-9900,9900,100,10,GR,OK
21,DEVILS B,1,-99.18,23.74,1.02,YES,YES,0,200,-9900,9900,100,10,GR,OK
33,SLACK,1,-176.22,45.66,1.02,NO,YES,0,300,-9900,9900,100,10,GR,OK
33,SLACK,2,-82.23,45.66,1.02,YES,YES,0,140,-9900,9900,100,10,GR,OK
38,MACKINTO,1,80,-28.35,1,YES,YES,0,1000,-9900,9900,10,10,GR,OK
43,BASTYAN,1,80,-21,1,YES,YES,0,1000,-9900,9900,10,10,GR,OK
44,JOHN BUT,1,144,-32.69,1,YES,YES,0,1000,-9900,9900,10,10,GR,OK
45,TRIBUTE,1,83,-21.61,1,YES,YES,0,1000,-9900,9900,10,10,GR,OK
46,REECE,1,0,0,1,YES,YES,0,1000,-9900,9900,10,10,GR,OK
47,REECE,1,0,0,1,YES,YES,0,1000,-9900,9900,10,10,GR,OK
48,CETHANA,1,85,-1.9,1,YES,YES,0,1000,-9900,9900,10,10,GR,OK
49,WILMOT,1,51,5.29,1,YES,YES,0,1000,-9900,9900,10,10,GR,OK
50,LEMONTHY,1,30,10.1,1,YES,YES,0,1000,-9900,9900,10,10,GR,OK
52,ROWALLAN,1,11,-21.64,1,YES,YES,0,1000,-9900,9900,10,10,GR,OK
54,TAMAR VA,1,200,11.43,1,YES,YES,0,210,-9900,9900,10,10,GR,OK
121,NBUS,1,43,9.98,1,YES,YES,0,60,-9900,9900,10,10,GR,OK
14,PALOONA ,1,10.8,74.47,1,NO ,YES,0,140,-9900,9900,100,1,LR,OK
21,DEVILS B,1,-205.78,85.44,1.02,YES,YES,0,200,-9900,9900,100,1,LR,OK
33,SLACK   ,1,-232.72,95.48,1.02,NO ,YES,0,300,-9900,9900,100,1,LR,OK
33,SLACK   ,2,-108.6,95.48,1.02,YES,YES,0,140,-9900,9900,100,1,LR,OK
38,MACKINTO,1,80,5.71,1,YES,YES,0,1000,-9900,9900,10,1,LR,OK
43,BASTYAN ,1,80,-4.09,1,YES,YES,0,1000,-9900,9900,10,1,LR,OK
44,JOHN BUT,1,144,-15.9,1,YES,YES,0,1000,-9900,9900,10,1,LR,OK
45,TRIBUTE ,1,83,-4.7,1,YES,YES,0,1000,-9900,9900,10,1,LR,OK
46,REECE   ,1,115,-10.86,1,YES,YES,0,1000,-9900,9900,10,1,LR,OK
47,REECE   ,1,115,-10.86,1,YES,YES,0,1000,-9900,9900,10,1,LR,OK
48,CETHANA ,1,85,29.64,1,YES,YES,0,1000,-9900,9900,10,1,LR,OK
49,WILMOT  ,1,51,36.98,1,YES,YES,0,1000,-9900,9900,10,1,LR,OK
50,LEMONTHY,1,30,41.87,1,YES,YES,0,1000,-9900,9900,10,1,LR,OK
52,ROWALLAN,1,11,-52.99,1,YES,YES,0,1000,-9900,9900,10,1,LR,OK
54,TAMAR VA,1,200,30.2,1,YES,YES,0,210,-9900,9900,10,1,LR,OK
121,NBUS    ,1,43,74.46,1,YES,YES,0,60,-9900,9900,10,1,LR,OK
14,PALOONA,1,10.8,74.47,1,NO,YES,0,140,-9900,9900,100,2,LR,OK
21,DEVILS B,1,-205.78,85.44,1.02,YES,YES,0,200,-9900,9900,100,2,LR,OK
33,SLACK,1,-232.72,95.48,1.02,NO,YES,0,300,-9900,9900,100,2,LR,OK
33,SLACK,2,-108.6,95.48,1.02,YES,YES,0,140,-9900,9900,100,2,LR,OK
38,MACKINTO,1,80,11,1,YES,YES,0,1000,-9900,9900,10,2,LR,OK
43,BASTYAN,1,80,-4.09,1,YES,YES,0,1000,-9900,9900,10,2,LR,OK
44,JOHN BUT,1,144,-15.9,1,YES,YES,0,1000,-9900,9900,10,2,LR,OK
45,TRIBUTE,1,83,-4.7,1,YES,YES,0,1000,-9900,9900,10,2,LR,OK
46,REECE,1,115,-10.86,1,YES,YES,0,1000,-9900,9900,10,2,LR,OK
47,REECE,1,115,-10.86,1,YES,YES,0,1000,-9900,9900,10,2,LR,OK
48,CETHANA,1,85,29.64,1,YES,YES,0,1000,-9900,9900,10,2,LR,OK
49,WILMOT,1,51,36.98,1,YES,YES,0,1000,-9900,9900,10,2,LR,OK
50,LEMONTHY,1,30,41.87,1,YES,YES,0,1000,-9900,9900,10,2,LR,OK
52,ROWALLAN,1,11,-52.99,1,YES,YES,0,1000,-9900,9900,10,2,LR,OK
54,TAMAR VA,1,200,30.2,1,YES,YES,0,210,-9900,9900,10,2,LR,OK
121,NBUS,1,43,74.46,1,YES,YES,0,60,-9900,9900,10,2,LR,OK
14,PALOONA,1,10.8,54.94,1,NO,YES,0,140,-9900,9900,100,3,LR,OK
21,DEVILS B,1,-209.04,93.07,1.02,YES,YES,0,200,-9900,9900,100,3,LR,OK
33,SLACK,1,-229.56,101.91,1.02,NO,YES,0,300,-9900,9900,100,3,LR,OK
33,SLACK,2,-107.13,101.91,1.02,YES,YES,0,140,-9900,9900,100,3,LR,OK
38,MACKINTO,1,80,9.59,1,YES,YES,0,1000,-9900,9900,10,3,LR,OK
43,BASTYAN,1,80,-2.96,1,YES,YES,0,1000,-9900,9900,10,3,LR,OK
44,JOHN BUT,1,144,-14.78,1,YES,YES,0,1000,-9900,9900,10,3,LR,OK
45,TRIBUTE,1,83,-3.57,1,YES,YES,0,1000,-9900,9900,10,3,LR,OK
46,REECE,1,115,-9.73,1,YES,YES,0,1000,-9900,9900,10,3,LR,OK
47,REECE,1,115,-9.73,1,YES,YES,0,1000,-9900,9900,10,3,LR,OK
48,CETHANA,1,85,33.39,1,YES,YES,0,1000,-9900,9900,10,3,LR,OK
49,WILMOT,1,51,40.74,1,YES,YES,0,1000,-9900,9900,10,3,LR,OK
50,LEMONTHY,1,30,45.64,1,YES,YES,0,1000,-9900,9900,10,3,LR,OK
52,ROWALLAN,1,11,-56.71,1,YES,YES,0,1000,-9900,9900,10,3,LR,OK
54,TAMAR VA,1,200,32.44,1,YES,YES,0,210,-9900,9900,10,3,LR,OK
121,NBUS,1,43,82.26,1,YES,YES,0,60,-9900,9900,10,3,LR,OK
14,PALOONA,1,10.8,36.64,1,NO,YES,0,140,-9900,9900,100,4,LR,OK
21,DEVILS B,1,-205.63,106.22,1.02,YES,YES,0,200,-9900,9900,100,4,LR,OK
33,SLACK,1,-231.73,102.34,1.02,NO,YES,0,300,-9900,9900,100,4,LR,OK
33,SLACK,2,-108.14,102.34,1.02,YES,YES,0,140,-9900,9900,100,4,LR,OK
38,MACKINTO,1,80,9.8,1,YES,YES,0,1000,-9900,9900,10,4,LR,OK
43,BASTYAN,1,80,-2.58,1,YES,YES,0,1000,-9900,9900,10,4,LR,OK
44,JOHN BUT,1,144,-14.39,1,YES,YES,0,1000,-9900,9900,10,4,LR,OK
45,TRIBUTE,1,83,-3.18,1,YES,YES,0,1000,-9900,9900,10,4,LR,OK
46,REECE,1,115,-9.35,1,YES,YES,0,1000,-9900,9900,10,4,LR,OK
47,REECE,1,115,-9.35,1,YES,YES,0,1000,-9900,9900,10,4,LR,OK
48,CETHANA,1,85,36.21,1,YES,YES,0,1000,-9900,9900,10,4,LR,OK
49,WILMOT,1,51,43.58,1,YES,YES,0,1000,-9900,9900,10,4,LR,OK
50,LEMONTHY,1,30,48.49,1,YES,YES,0,1000,-9900,9900,10,4,LR,OK
52,ROWALLAN,1,11,-59.54,1,YES,YES,0,1000,-9900,9900,10,4,LR,OK
54,TAMAR VA,1,200,34.13,1,YES,YES,0,210,-9900,9900,10,4,LR,OK
121,NBUS,1,43,88.2,1,YES,YES,0,60,-9900,9900,10,4,LR,OK
14,PALOONA,1,10.8,64.21,1,NO,YES,0,140,-9900,9900,100,5,LR,OK
21,DEVILS B,1,-219.28,80.91,1.02,YES,YES,0,200,-9900,9900,100,5,LR,OK
33,SLACK,1,-222.53,103.45,1.02,NO,YES,0,300,-9900,9900,100,5,LR,OK
33,SLACK,2,-103.85,103.45,1.02,YES,YES,0,140,-9900,9900,100,5,LR,OK
38,MACKINTO,1,80,12.23,1,YES,YES,0,1000,-9900,9900,10,5,LR,OK
43,BASTYAN,1,80,-2.85,1,YES,YES,0,1000,-9900,9900,10,5,LR,OK
44,JOHN BUT,1,144,-14.66,1,YES,YES,0,1000,-9900,9900,10,5,LR,OK
45,TRIBUTE,1,83,-3.46,1,YES,YES,0,1000,-9900,9900,10,5,LR,OK
46,REECE,1,115,-9.62,1,YES,YES,0,1000,-9900,9900,10,5,LR,OK
47,REECE,1,115,-9.62,1,YES,YES,0,1000,-9900,9900,10,5,LR,OK
48,CETHANA,1,85,31.28,1,YES,YES,0,1000,-9900,9900,10,5,LR,OK
49,WILMOT,1,51,38.62,1,YES,YES,0,1000,-9900,9900,10,5,LR,OK
50,LEMONTHY,1,30,43.52,1,YES,YES,0,1000,-9900,9900,10,5,LR,OK
52,ROWALLAN,1,11,-54.62,1,YES,YES,0,1000,-9900,9900,10,5,LR,OK
54,TAMAR VA,1,200,31.18,1,YES,YES,0,210,-9900,9900,10,5,LR,OK
121,NBUS,1,43,77.88,1,YES,YES,0,60,-9900,9900,10,5,LR,OK
14,PALOONA,1,10.8,79.78,1,NO,YES,0,140,-9900,9900,100,6,LR,OK
21,DEVILS B,1,-205.75,86.95,1.02,YES,YES,0,200,-9900,9900,100,6,LR,OK
33,SLACK,1,-232.62,95.96,1.02,NO,YES,0,300,-9900,9900,100,6,LR,OK
33,SLACK,2,-108.56,95.96,1.02,YES,YES,0,140,-9900,9900,100,6,LR,OK
38,MACKINTO,1,80,6.01,1,YES,YES,0,1000,-9900,9900,10,6,LR,OK
43,BASTYAN,1,80,-3.98,1,YES,YES,0,1000,-9900,9900,10,6,LR,OK
44,JOHN BUT,1,144,-15.79,1,YES,YES,0,1000,-9900,9900,10,6,LR,OK
45,TRIBUTE,1,83,-4.59,1,YES,YES,0,1000,-9900,9900,10,6,LR,OK
46,REECE,1,115,-10.75,1,YES,YES,0,1000,-9900,9900,10,6,LR,OK
47,REECE,1,115,-10.75,1,YES,YES,0,1000,-9900,9900,10,6,LR,OK
48,CETHANA,1,85,30.12,1,YES,YES,0,1000,-9900,9900,10,6,LR,OK
49,WILMOT,1,51,37.46,1,YES,YES,0,1000,-9900,9900,10,6,LR,OK
50,LEMONTHY,1,30,42.35,1,YES,YES,0,1000,-9900,9900,10,6,LR,OK
52,ROWALLAN,1,11,-53.48,1,YES,YES,0,1000,-9900,9900,10,6,LR,OK
54,TAMAR VA,1,200,30.49,1,YES,YES,0,210,-9900,9900,10,6,LR,OK
121,NBUS,1,43,75.47,1,YES,YES,0,60,-9900,9900,10,6,LR,OK
14,PALOONA,1,10.8,97.51,1,NO,YES,0,140,-9900,9900,100,7,LR,OK
21,DEVILS B,1,-199.73,87.78,1.02,YES,YES,0,200,-9900,9900,100,7,LR,OK
33,SLACK,1,-217.82,89.56,1.02,NO,YES,0,300,-9900,9900,100,7,LR,OK
33,SLACK,2,-101.65,89.56,1.02,YES,YES,0,140,-9900,9900,100,7,LR,OK
38,MACKINTO,1,80,-41.28,1,YES,YES,0,1000,-9900,9900,10,7,LR,OK
43,BASTYAN,1,80,0.13,1,YES,YES,0,1000,-9900,9900,10,7,LR,OK
44,JOHN BUT,1,144,-11.71,1,YES,YES,0,1000,-9900,9900,10,7,LR,OK
45,TRIBUTE,1,83,-0.48,1,YES,YES,0,1000,-9900,9900,10,7,LR,OK
46,REECE,1,115,-6.65,1,YES,YES,0,1000,-9900,9900,10,7,LR,OK
47,REECE,1,115,-6.65,1,YES,YES,0,1000,-9900,9900,10,7,LR,OK
48,CETHANA,1,85,56.32,1,YES,YES,0,1000,-9900,9900,10,7,LR,OK
49,WILMOT,1,51,63.77,1,YES,YES,0,1000,-9900,9900,10,7,LR,OK
50,LEMONTHY,1,30,68.75,1,YES,YES,0,1000,-9900,9900,10,7,LR,OK
52,ROWALLAN,1,11,-79.49,1,YES,YES,0,1000,-9900,9900,10,7,LR,OK
54,TAMAR VA,1,200,46.2,1,YES,YES,0,210,-9900,9900,10,7,LR,OK
121,NBUS,1,43,130.77,1,YES,YES,0,60,-9900,9900,10,7,LR,OK
14,PALOONA,1,10.8,157.34,1,NO,YES,0,140,-9900,9900,100,8,LR,BLACKOUT
21,DEVILS B,1,-199.41,96.62,1.02,YES,YES,0,200,-9900,9900,100,8,LR,BLACKOUT
33,SLACK,1,-225.54,116.3,1.02,NO,YES,0,300,-9900,9900,100,8,LR,BLACKOUT
33,SLACK,2,-105.25,116.3,1.02,YES,YES,0,140,-9900,9900,100,8,LR,BLACKOUT
38,MACKINTO,1,80,139.08,1,YES,YES,0,1000,-9900,9900,10,8,LR,BLACKOUT
43,BASTYAN,1,80,13.54,1,YES,YES,0,1000,-9900,9900,10,8,LR,BLACKOUT
44,JOHN BUT,1,144,-1.42,1,YES,YES,0,1000,-9900,9900,10,8,LR,BLACKOUT
45,TRIBUTE,1,83,12.77,1,YES,YES,0,1000,-9900,9900,10,8,LR,BLACKOUT
46,REECE,1,115,4.97,1,YES,YES,0,1000,-9900,9900,10,8,LR,BLACKOUT
47,REECE,1,115,4.97,1,YES,YES,0,1000,-9900,9900,10,8,LR,BLACKOUT
48,CETHANA,1,85,25.32,1,YES,YES,0,1000,-9900,9900,10,8,LR,BLACKOUT
49,WILMOT,1,51,32.65,1,YES,YES,0,1000,-9900,9900,10,8,LR,BLACKOUT
50,LEMONTHY,1,30,37.55,1,YES,YES,0,1000,-9900,9900,10,8,LR,BLACKOUT
52,ROWALLAN,1,11,-47.84,1,YES,YES,0,1000,-9900,9900,10,8,LR,BLACKOUT
54,TAMAR VA,1,200,27.65,1,YES,YES,0,210,-9900,9900,10,8,LR,BLACKOUT
121,NBUS,1,43,64.04,1,YES,YES,0,60,-9900,9900,10,8,LR,BLACKOUT
14,PALOONA,1,10.8,49.6,1,NO,YES,0,140,-9900,9900,100,9,LR,OK
21,DEVILS B,1,-177.59,66.24,1.02,YES,YES,0,200,-9900,9900,100,9,LR,OK
33,SLACK,1,-219,81.23,1.02,NO,YES,0,300,-9900,9900,100,9,LR,OK
33,SLACK,2,-102.2,81.23,1.02,YES,YES,0,140,-9900,9900,100,9,LR,OK
38,MACKINTO,1,80,0.67,1,YES,YES,0,1000,-9900,9900,10,9,LR,OK
43,BASTYAN,1,80,-4.09,1,YES,YES,0,1000,-9900,9900,10,9,LR,OK
44,JOHN BUT,1,144,-15.9,1,YES,YES,0,1000,-9900,9900,10,9,LR,OK
45,TRIBUTE,1,83,-4.7,1,YES,YES,0,1000,-9900,9900,10,9,LR,OK
46,REECE,1,115,-10.86,1,YES,YES,0,1000,-9900,9900,10,9,LR,OK
47,REECE,1,115,-10.86,1,YES,YES,0,1000,-9900,9900,10,9,LR,OK
48,CETHANA,1,85,33.26,1,YES,YES,0,1000,-9900,9900,10,9,LR,OK
49,WILMOT,1,51,40.61,1,YES,YES,0,1000,-9900,9900,10,9,LR,OK
50,LEMONTHY,1,30,45.52,1,YES,YES,0,1000,-9900,9900,10,9,LR,OK
52,ROWALLAN,1,-42.71,11.31,1,YES,YES,0,1000,-9900,9900,10,9,LR,OK
54,TAMAR VA,1,200,32.37,1,YES,YES,0,210,-9900,9900,10,9,LR,OK
121,NBUS,1,43,-28.18,1,YES,YES,0,60,-9900,9900,10,9,LR,OK
14,PALOONA,1,10.8,74.96,1,NO,YES,0,140,-9900,9900,100,10,LR,OK
21,DEVILS B,1,-205.78,85.54,1.02,YES,YES,0,200,-9900,9900,100,10,LR,OK
33,SLACK,1,-232.65,95.57,1.02,NO,YES,0,300,-9900,9900,100,10,LR,OK
33,SLACK,2,-108.57,95.57,1.02,YES,YES,0,140,-9900,9900,100,10,LR,OK
38,MACKINTO,1,80,10.18,1,YES,YES,0,1000,-9900,9900,10,10,LR,OK
43,BASTYAN,1,80,-3.42,1,YES,YES,0,1000,-9900,9900,10,10,LR,OK
44,JOHN BUT,1,144,-15.23,1,YES,YES,0,1000,-9900,9900,10,10,LR,OK
45,TRIBUTE,1,83,-4.03,1,YES,YES,0,1000,-9900,9900,10,10,LR,OK
46,REECE,1,115,-10.18,1,YES,YES,0,1000,-9900,9900,10,10,LR,OK
47,REECE,1,115,-10.18,1,YES,YES,0,1000,-9900,9900,10,10,LR,OK
48,CETHANA,1,85,29.85,1,YES,YES,0,1000,-9900,9900,10,10,LR,OK
49,WILMOT,1,51,37.18,1,YES,YES,0,1000,-9900,9900,10,10,LR,OK
50,LEMONTHY,1,30,42.08,1,YES,YES,0,1000,-9900,9900,10,10,LR,OK
52,ROWALLAN,1,11,-53.19,1,YES,YES,0,1000,-9900,9900,10,10,LR,OK
54,TAMAR VA,1,200,30.32,1,YES,YES,0,210,-9900,9900,10,10,LR,OK
121,NBUS,1,43,74.87,1,YES,YES,0,60,-9900,9900,10,10,LR,OK
14,PALOONA,1,0,-9.04,1,NO,YES,0,140,-9900,9900,100,11,LR,OK
21,DEVILS B,1,-242.78,169.84,1.02,YES,YES,0,200,-9900,9900,100,11,LR,OK
33,SLACK,1,-200.22,111.5,1.02,NO,YES,0,300,-9900,9900,100,11,LR,OK
33,SLACK,2,-93.44,111.5,1.02,YES,YES,0,140,-9900,9900,100,11,LR,OK
38,MACKINTO,1,80,22.09,1,YES,YES,0,1000,-9900,9900,10,11,LR,OK
43,BASTYAN,1,80,1.79,1,YES,YES,0,1000,-9900,9900,10,11,LR,OK
44,JOHN BUT,1,144,-10.06,1,YES,YES,0,1000,-9900,9900,10,11,LR,OK
45,TRIBUTE,1,83,1.17,1,YES,YES,0,1000,-9900,9900,10,11,LR,OK
46,REECE,1,115,-5,1,YES,YES,0,1000,-9900,9900,10,11,LR,OK
47,REECE,1,115,-5,1,YES,YES,0,1000,-9900,9900,10,11,LR,OK
48,CETHANA,1,85,53.12,1,YES,YES,0,1000,-9900,9900,10,11,LR,OK
49,WILMOT,1,51,60.56,1,YES,YES,0,1000,-9900,9900,10,11,LR,OK
50,LEMONTHY,1,30,65.52,1,YES,YES,0,1000,-9900,9900,10,11,LR,OK
52,ROWALLAN,1,11,-76.5,1,YES,YES,0,1000,-9900,9900,10,11,LR,OK
54,TAMAR VA,1,200,44.28,1,YES,YES,0,210,-9900,9900,10,11,LR,OK
121,NBUS,1,43,124.22,1,YES,YES,0,60,-9900,9900,10,11,LR,OK
14,PALOONA,1,10.8,98.59,1,NO,YES,0,140,-9900,9900,100,12,LR,OK
21,DEVILS B,1,-226.68,92.85,1.02,YES,YES,0,200,-9900,9900,100,12,LR,OK
33,SLACK,1,-196.96,92.07,1.02,NO,YES,0,300,-9900,9900,100,12,LR,OK
33,SLACK,2,-91.92,92.07,1.02,YES,YES,0,140,-9900,9900,100,12,LR,OK
38,MACKINTO,1,80,-41.11,1,YES,YES,0,1000,-9900,9900,10,12,LR,OK
43,BASTYAN,1,80,0.46,1,YES,YES,0,1000,-9900,9900,10,12,LR,OK
44,JOHN BUT,1,144,-11.38,1,YES,YES,0,1000,-9900,9900,10,12,LR,OK
45,TRIBUTE,1,83,-0.15,1,YES,YES,0,1000,-9900,9900,10,12,LR,OK
46,REECE,1,115,-6.32,1,YES,YES,0,1000,-9900,9900,10,12,LR,OK
47,REECE,1,115,-6.32,1,YES,YES,0,1000,-9900,9900,10,12,LR,OK
48,CETHANA,1,85,58.47,1,YES,YES,0,1000,-9900,9900,10,12,LR,OK
49,WILMOT,1,51,65.94,1,YES,YES,0,1000,-9900,9900,10,12,LR,OK
50,LEMONTHY,1,30,70.92,1,YES,YES,0,1000,-9900,9900,10,12,LR,OK
52,ROWALLAN,1,11,-81.63,1,YES,YES,0,1000,-9900,9900,10,12,LR,OK
54,TAMAR VA,1,200,47.5,1,YES,YES,0,210,-9900,9900,10,12,LR,OK
121,NBUS,1,43,135.38,1,YES,YES,0,60,-9900,9900,10,12,LR,OK
14,PALOONA,1,10.8,135.73,1,NO,YES,0,140,-9900,9900,100,13,LR,BLACKOUT
21,DEVILS B,1,-169.76,77.51,1.02,YES,YES,0,200,-9900,9900,100,13,LR,BLACKOUT
33,SLACK,1,-212.77,102.52,1.02,NO,YES,0,300,-9900,9900,100,13,LR,BLACKOUT
33,SLACK,2,-99.29,102.52,1.02,YES,YES,0,140,-9900,9900,100,13,LR,BLACKOUT
38,MACKINTO,1,80,144.57,1,YES,YES,0,1000,-9900,9900,10,13,LR,BLACKOUT
43,BASTYAN,1,80,14.82,1,YES,YES,0,1000,-9900,9900,10,13,LR,BLACKOUT
44,JOHN BUT,1,144,-0.32,1,YES,YES,0,1000,-9900,9900,10,13,LR,BLACKOUT
45,TRIBUTE,1,83,14.04,1,YES,YES,0,1000,-9900,9900,10,13,LR,BLACKOUT
46,REECE,1,115,6.15,1,YES,YES,0,1000,-9900,9900,10,13,LR,BLACKOUT
47,REECE,1,115,6.15,1,YES,YES,0,1000,-9900,9900,10,13,LR,BLACKOUT
48,CETHANA,1,85,28.53,1,YES,YES,0,1000,-9900,9900,10,13,LR,BLACKOUT
49,WILMOT,1,51,35.89,1,YES,YES,0,1000,-9900,9900,10,13,LR,BLACKOUT
50,LEMONTHY,1,30,40.79,1,YES,YES,0,1000,-9900,9900,10,13,LR,BLACKOUT
52,ROWALLAN,1,-42.71,11.32,1,YES,YES,0,1000,-9900,9900,10,13,LR,BLACKOUT
54,TAMAR VA,1,200,29.57,1,YES,YES,0,210,-9900,9900,10,13,LR,BLACKOUT
121,NBUS,1,43,-28.17,1,YES,YES,0,60,-9900,9900,10,13,LR,BLACKOUT
14,PALOONA,1,10.8,-64.01,1,NO,YES,0,140,-9900,9900,100,14,LR,OK
21,DEVILS B,1,113.05,2.52,1.02,YES,YES,0,200,-9900,9900,100,14,LR,OK
33,SLACK,1,-37.06,1.59,1.02,NO,YES,0,300,-9900,9900,100,14,LR,OK
33,SLACK,2,-17.3,1.59,1.02,YES,YES,0,140,-9900,9900,100,14,LR,OK
38,MACKINTO,1,-451.44,251.49,1,YES,YES,0,1000,-9900,9900,10,14,LR,OK
43,BASTYAN,1,80,0.52,1,YES,YES,0,1000,-9900,9900,10,14,LR,OK
44,JOHN BUT,1,144,-11.32,1,YES,YES,0,1000,-9900,9900,10,14,LR,OK
45,TRIBUTE,1,83,-0.09,1,YES,YES,0,1000,-9900,9900,10,14,LR,OK
46,REECE,1,115,-6.26,1,YES,YES,0,1000,-9900,9900,10,14,LR,OK
47,REECE,1,115,-6.26,1,YES,YES,0,1000,-9900,9900,10,14,LR,OK
48,CETHANA,1,85,-24.15,1,YES,YES,0,1000,-9900,9900,10,14,LR,OK
49,WILMOT,1,51,-17.05,1,YES,YES,0,1000,-9900,9900,10,14,LR,OK
50,LEMONTHY,1,30,-12.31,1,YES,YES,0,1000,-9900,9900,10,14,LR,OK
52,ROWALLAN,1,-42.71,11.32,1,YES,YES,0,1000,-9900,9900,10,14,LR,OK
54,TAMAR VA,1,200,-1.73,1,YES,YES,0,210,-9900,9900,10,14,LR,OK
121,NBUS,1,43,-28.17,1,YES,YES,0,60,-9900,9900,10,14,LR,OK
14,PALOONA,1,10.8,-60.95,1,NO,YES,0,140,-9900,9900,100,15,LR,OK
21,DEVILS B,1,85.74,0.25,1.02,YES,YES,0,200,-9900,9900,100,15,LR,OK
33,SLACK,1,-55,4.21,1.02,NO,YES,0,300,-9900,9900,100,15,LR,OK
33,SLACK,2,-25.67,4.21,1.02,YES,YES,0,140,-9900,9900,100,15,LR,OK
38,MACKINTO,1,-451.44,251.49,1,YES,YES,0,1000,-9900,9900,10,15,LR,OK
43,BASTYAN,1,80,0.52,1,YES,YES,0,1000,-9900,9900,10,15,LR,OK
44,JOHN BUT,1,144,-11.32,1,YES,YES,0,1000,-9900,9900,10,15,LR,OK
45,TRIBUTE,1,83,-0.09,1,YES,YES,0,1000,-9900,9900,10,15,LR,OK
46,REECE,1,115,-6.26,1,YES,YES,0,1000,-9900,9900,10,15,LR,OK
47,REECE,1,115,-6.26,1,YES,YES,0,1000,-9900,9900,10,15,LR,OK
48,CETHANA,1,85,-22.43,1,YES,YES,0,1000,-9900,9900,10,15,LR,OK
49,WILMOT,1,51,-15.32,1,YES,YES,0,1000,-9900,9900,10,15,LR,OK
50,LEMONTHY,1,30,-10.57,1,YES,YES,0,1000,-9900,9900,10,15,LR,OK
52,ROWALLAN,1,11,-1.25,1,YES,YES,0,1000,-9900,9900,10,15,LR,OK
54,TAMAR VA,1,200,-0.71,1,YES,YES,0,210,-9900,9900,10,15,LR,OK
121,NBUS,1,43,-30.74,1,YES,YES,0,60,-9900,9900,10,15,LR,OK
14,PALOONA,1,10.8,98.59,1,NO,YES,0,140,-9900,9900,100,16,LR,OK
21,DEVILS B,1,-226.68,92.85,1.02,YES,YES,0,200,-9900,9900,100,16,LR,OK
33,SLACK,1,-196.96,92.07,1.02,NO,YES,0,300,-9900,9900,100,16,LR,OK
33,SLACK,2,-91.92,92.07,1.02,YES,YES,0,140,-9900,9900,100,16,LR,OK
38,MACKINTO,1,80,-41.11,1,YES,YES,0,1000,-9900,9900,10,16,LR,OK
43,BASTYAN,1,80,0.46,1,YES,YES,0,1000,-9900,9900,10,16,LR,OK
44,JOHN BUT,1,144,-11.38,1,YES,YES,0,1000,-9900,9900,10,16,LR,OK
45,TRIBUTE,1,83,-0.15,1,YES,YES,0,1000,-9900,9900,10,16,LR,OK
46,REECE,1,115,-6.32,1,YES,YES,0,1000,-9900,9900,10,16,LR,OK
47,REECE,1,115,-6.32,1,YES,YES,0,1000,-9900,9900,10,16,LR,OK
48,CETHANA,1,85,58.47,1,YES,YES,0,1000,-9900,9900,10,16,LR,OK
49,WILMOT,1,51,65.94,1,YES,YES,0,1000,-9900,9900,10,16,LR,OK
50,LEMONTHY,1,30,70.92,1,YES,YES,0,1000,-9900,9900,10,16,LR,OK
52,ROWALLAN,1,11,-81.63,1,YES,YES,0,1000,-9900,9900,10,16,LR,OK
54,TAMAR VA,1,200,47.5,1,YES,YES,0,210,-9900,9900,10,16,LR,OK
121,NBUS,1,43,135.38,1,YES,YES,0,60,-9900,9900,10,16,LR,OK
14,PALOONA,1,10.8,49.92,1,NO,YES,0,140,-9900,9900,100,17,LR,OK
21,DEVILS B,1,-219.8,101.49,1.02,YES,YES,0,200,-9900,9900,100,17,LR,OK
33,SLACK,1,-221.37,103.45,1.02,NO,YES,0,300,-9900,9900,100,17,LR,OK
33,SLACK,2,-103.31,103.45,1.02,YES,YES,0,140,-9900,9900,100,17,LR,OK
38,MACKINTO,1,80,14.34,1,YES,YES,0,1000,-9900,9900,10,17,LR,OK
43,BASTYAN,1,80,-2.06,1,YES,YES,0,1000,-9900,9900,10,17,LR,OK
44,JOHN BUT,1,144,-13.88,1,YES,YES,0,1000,-9900,9900,10,17,LR,OK
45,TRIBUTE,1,83,-2.67,1,YES,YES,0,1000,-9900,9900,10,17,LR,OK
46,REECE,1,115,-8.83,1,YES,YES,0,1000,-9900,9900,10,17,LR,OK
47,REECE,1,115,-8.83,1,YES,YES,0,1000,-9900,9900,10,17,LR,OK
48,CETHANA,1,85,35.45,1,YES,YES,0,1000,-9900,9900,10,17,LR,OK
49,WILMOT,1,51,42.81,1,YES,YES,0,1000,-9900,9900,10,17,LR,OK
50,LEMONTHY,1,30,47.72,1,YES,YES,0,1000,-9900,9900,10,17,LR,OK
52,ROWALLAN,1,11,-58.8,1,YES,YES,0,1000,-9900,9900,10,17,LR,OK
54,TAMAR VA,1,200,33.68,1,YES,YES,0,210,-9900,9900,10,17,LR,OK
121,NBUS,1,43,86.64,1,YES,YES,0,60,-9900,9900,10,17,LR,OK
14,PALOONA,1,0,-9.04,1,NO,YES,0,140,-9900,9900,100,18,LR,OK
21,DEVILS B,1,-226.95,105.96,1.02,YES,YES,0,200,-9900,9900,100,18,LR,OK
33,SLACK,1,-208.31,117.95,1.02,NO,YES,0,300,-9900,9900,100,18,LR,OK
33,SLACK,2,-97.21,117.95,1.02,YES,YES,0,140,-9900,9900,100,18,LR,OK
38,MACKINTO,1,80,24.23,1,YES,YES,0,1000,-9900,9900,10,18,LR,OK
43,BASTYAN,1,80,0.53,1,YES,YES,0,1000,-9900,9900,10,18,LR,OK
44,JOHN BUT,1,144,-11.31,1,YES,YES,0,1000,-9900,9900,10,18,LR,OK
45,TRIBUTE,1,83,-0.08,1,YES,YES,0,1000,-9900,9900,10,18,LR,OK
46,REECE,1,115,-6.25,1,YES,YES,0,1000,-9900,9900,10,18,LR,OK
47,REECE,1,115,-6.25,1,YES,YES,0,1000,-9900,9900,10,18,LR,OK
48,CETHANA,1,85,42.49,1,YES,YES,0,1000,-9900,9900,10,18,LR,OK
49,WILMOT,1,51,49.88,1,YES,YES,0,1000,-9900,9900,10,18,LR,OK
50,LEMONTHY,1,30,54.81,1,YES,YES,0,1000,-9900,9900,10,18,LR,OK
52,ROWALLAN,1,11,-65.8,1,YES,YES,0,1000,-9900,9900,10,18,LR,OK
54,TAMAR VA,1,200,37.89,1,YES,YES,0,210,-9900,9900,10,18,LR,OK
121,NBUS,1,43,101.43,1,YES,YES,0,60,-9900,9900,10,18,LR,OK
14,PALOONA,1,0,-9.04,1,NO,YES,0,140,-9900,9900,100,19,LR,OK
21,DEVILS B,1,-242.78,169.84,1.02,YES,YES,0,200,-9900,9900,100,19,LR,OK
33,SLACK,1,-200.22,111.5,1.02,NO,YES,0,300,-9900,9900,100,19,LR,OK
33,SLACK,2,-93.44,111.5,1.02,YES,YES,0,140,-9900,9900,100,19,LR,OK
38,MACKINTO,1,80,22.09,1,YES,YES,0,1000,-9900,9900,10,19,LR,OK
43,BASTYAN,1,80,1.79,1,YES,YES,0,1000,-9900,9900,10,19,LR,OK
44,JOHN BUT,1,144,-10.06,1,YES,YES,0,1000,-9900,9900,10,19,LR,OK
45,TRIBUTE,1,83,1.17,1,YES,YES,0,1000,-9900,9900,10,19,LR,OK
46,REECE,1,115,-5,1,YES,YES,0,1000,-9900,9900,10,19,LR,OK
47,REECE,1,115,-5,1,YES,YES,0,1000,-9900,9900,10,19,LR,OK
48,CETHANA,1,85,53.12,1,YES,YES,0,1000,-9900,9900,10,19,LR,OK
49,WILMOT,1,51,60.56,1,YES,YES,0,1000,-9900,9900,10,19,LR,OK
50,LEMONTHY,1,30,65.52,1,YES,YES,0,1000,-9900,9900,10,19,LR,OK
52,ROWALLAN,1,11,-76.5,1,YES,YES,0,1000,-9900,9900,10,19,LR,OK
54,TAMAR VA,1,200,44.28,1,YES,YES,0,210,-9900,9900,10,19,LR,OK
121,NBUS,1,43,124.22,1,YES,YES,0,60,-9900,9900,10,19,LR,OK
14,PALOONA ,1,10.8,74.47,1,NO ,YES,0,140,-9900,9900,100,1,BR,OK
21,DEVILS B,1,-205.78,85.44,1.02,YES,YES,0,200,-9900,9900,100,1,BR,OK
33,SLACK   ,1,-232.72,95.48,1.02,NO ,YES,0,300,-9900,9900,100,1,BR,OK
33,SLACK   ,2,-108.6,95.48,1.02,YES,YES,0,140,-9900,9900,100,1,BR,OK
38,MACKINTO,1,80,5.71,1,YES,YES,0,1000,-9900,9900,10,1,BR,OK
43,BASTYAN ,1,80,-4.09,1,YES,YES,0,1000,-9900,9900,10,1,BR,OK
44,JOHN BUT,1,144,-15.9,1,YES,YES,0,1000,-9900,9900,10,1,BR,OK
45,TRIBUTE ,1,83,-4.7,1,YES,YES,0,1000,-9900,9900,10,1,BR,OK
46,REECE   ,1,115,-10.86,1,YES,YES,0,1000,-9900,9900,10,1,BR,OK
47,REECE   ,1,115,-10.86,1,YES,YES,0,1000,-9900,9900,10,1,BR,OK
48,CETHANA ,1,85,29.64,1,YES,YES,0,1000,-9900,9900,10,1,BR,OK
49,WILMOT  ,1,51,36.98,1,YES,YES,0,1000,-9900,9900,10,1,BR,OK
50,LEMONTHY,1,30,41.87,1,YES,YES,0,1000,-9900,9900,10,1,BR,OK
52,ROWALLAN,1,11,-52.99,1,YES,YES,0,1000,-9900,9900,10,1,BR,OK
54,TAMAR VA,1,200,30.2,1,YES,YES,0,210,-9900,9900,10,1,BR,OK
121,NBUS    ,1,43,74.46,1,YES,YES,0,60,-9900,9900,10,1,BR,OK
14,PALOONA,1,10.8,331.24,1,NO,YES,0,140,-9900,9900,100,2,BR,BLACKOUT
21,DEVILS B,1,-454.1,572.24,1.02,YES,YES,0,200,-9900,9900,100,2,BR,BLACKOUT
33,SLACK,1,-15.78,-4.72,1.02,NO,YES,0,300,-9900,9900,100,2,BR,BLACKOUT
33,SLACK,2,-7.37,-4.72,1.02,YES,YES,0,140,-9900,9900,100,2,BR,BLACKOUT
38,MACKINTO,1,80,6.72,1,YES,YES,0,1000,-9900,9900,10,2,BR,BLACKOUT
43,BASTYAN,1,80,-1.4,1,YES,YES,0,1000,-9900,9900,10,2,BR,BLACKOUT
44,JOHN BUT,1,144,-14.9,1,YES,YES,0,1000,-9900,9900,10,2,BR,BLACKOUT
45,TRIBUTE,1,83,-2.1,1,YES,YES,0,1000,-9900,9900,10,2,BR,BLACKOUT
46,REECE,1,115,-9.13,1,YES,YES,0,1000,-9900,9900,10,2,BR,BLACKOUT
47,REECE,1,115,-9.13,1,YES,YES,0,1000,-9900,9900,10,2,BR,BLACKOUT
48,CETHANA,1,85,54.38,1,YES,YES,0,1000,-9900,9900,10,2,BR,BLACKOUT
49,WILMOT,1,51,62.82,1,YES,YES,0,1000,-9900,9900,10,2,BR,BLACKOUT
50,LEMONTHY,1,30,68.46,1,YES,YES,0,1000,-9900,9900,10,2,BR,BLACKOUT
52,ROWALLAN,1,11,-96.52,1,YES,YES,0,1000,-9900,9900,10,2,BR,BLACKOUT
54,TAMAR VA,1,200,46.71,1,YES,YES,0,210,-9900,9900,10,2,BR,BLACKOUT
121,NBUS,1,43,153.26,1,YES,YES,0,60,-9900,9900,10,2,BR,BLACKOUT
14,PALOONA,1,10.8,63.98,1,NO,YES,0,140,-9900,9900,100,3,BR,OK
21,DEVILS B,1,-209.05,93.08,1.02,YES,YES,0,200,-9900,9900,100,3,BR,OK
33,SLACK,1,-229.57,101.91,1.02,NO,YES,0,300,-9900,9900,100,3,BR,OK
33,SLACK,2,-107.13,101.91,1.02,YES,YES,0,140,-9900,9900,100,3,BR,OK
38,MACKINTO,1,80,9.59,1,YES,YES,0,1000,-9900,9900,10,3,BR,OK
43,BASTYAN,1,80,-2.96,1,YES,YES,0,1000,-9900,9900,10,3,BR,OK
44,JOHN BUT,1,144,-14.78,1,YES,YES,0,1000,-9900,9900,10,3,BR,OK
45,TRIBUTE,1,83,-3.57,1,YES,YES,0,1000,-9900,9900,10,3,BR,OK
46,REECE,1,115,-9.73,1,YES,YES,0,1000,-9900,9900,10,3,BR,OK
47,REECE,1,115,-9.73,1,YES,YES,0,1000,-9900,9900,10,3,BR,OK
48,CETHANA,1,85,33.38,1,YES,YES,0,1000,-9900,9900,10,3,BR,OK
49,WILMOT,1,51,40.73,1,YES,YES,0,1000,-9900,9900,10,3,BR,OK
50,LEMONTHY,1,30,45.64,1,YES,YES,0,1000,-9900,9900,10,3,BR,OK
52,ROWALLAN,1,11,-56.74,1,YES,YES,0,1000,-9900,9900,10,3,BR,OK
54,TAMAR VA,1,200,32.44,1,YES,YES,0,210,-9900,9900,10,3,BR,OK
121,NBUS,1,43,82.3,1,YES,YES,0,60,-9900,9900,10,3,BR,OK
14,PALOONA,1,10.8,283.45,1,NO,YES,0,140,-9900,9900,100,4,BR,BLACKOUT
21,DEVILS B,1,-56.94,-5.47,1.02,YES,YES,0,200,-9900,9900,100,4,BR,BLACKOUT
33,SLACK,1,-312.07,262.34,1.02,NO,YES,0,300,-9900,9900,100,4,BR,BLACKOUT
33,SLACK,2,-145.63,262.34,1.02,YES,YES,0,140,-9900,9900,100,4,BR,BLACKOUT
38,MACKINTO,1,80,33.53,1,YES,YES,0,1000,-9900,9900,10,4,BR,BLACKOUT
43,BASTYAN,1,80,2.4,1,YES,YES,0,1000,-9900,9900,10,4,BR,BLACKOUT
44,JOHN BUT,1,144,-11.3,1,YES,YES,0,1000,-9900,9900,10,4,BR,BLACKOUT
45,TRIBUTE,1,83,1.69,1,YES,YES,0,1000,-9900,9900,10,4,BR,BLACKOUT
46,REECE,1,115,-5.45,1,YES,YES,0,1000,-9900,9900,10,4,BR,BLACKOUT
47,REECE,1,115,-5.45,1,YES,YES,0,1000,-9900,9900,10,4,BR,BLACKOUT
48,CETHANA,1,85,56.39,1,YES,YES,0,1000,-9900,9900,10,4,BR,BLACKOUT
49,WILMOT,1,51,64.95,1,YES,YES,0,1000,-9900,9900,10,4,BR,BLACKOUT
50,LEMONTHY,1,30,70.66,1,YES,YES,0,1000,-9900,9900,10,4,BR,BLACKOUT
52,ROWALLAN,1,11,-95.64,1,YES,YES,0,1000,-9900,9900,10,4,BR,BLACKOUT
54,TAMAR VA,1,200,48.1,1,YES,YES,0,210,-9900,9900,10,4,BR,BLACKOUT
121,NBUS,1,43,152.4,1,YES,YES,0,60,-9900,9900,10,4,BR,BLACKOUT
14,PALOONA,1,10.8,85.01,1,NO,YES,0,140,-9900,9900,100,5,BR,OK
21,DEVILS B,1,-205.71,88.43,1.02,YES,YES,0,200,-9900,9900,100,5,BR,OK
33,SLACK,1,-232.52,96.43,1.02,NO,YES,0,300,-9900,9900,100,5,BR,OK
33,SLACK,2,-108.51,96.43,1.02,YES,YES,0,140,-9900,9900,100,5,BR,OK
38,MACKINTO,1,80,6.3,1,YES,YES,0,1000,-9900,9900,10,5,BR,OK
43,BASTYAN,1,80,-3.87,1,YES,YES,0,1000,-9900,9900,10,5,BR,OK
44,JOHN BUT,1,144,-15.68,1,YES,YES,0,1000,-9900,9900,10,5,BR,OK
45,TRIBUTE,1,83,-4.48,1,YES,YES,0,1000,-9900,9900,10,5,BR,OK
46,REECE,1,115,-10.64,1,YES,YES,0,1000,-9900,9900,10,5,BR,OK
47,REECE,1,115,-10.64,1,YES,YES,0,1000,-9900,9900,10,5,BR,OK
48,CETHANA,1,85,30.59,1,YES,YES,0,1000,-9900,9900,10,5,BR,OK
49,WILMOT,1,51,37.93,1,YES,YES,0,1000,-9900,9900,10,5,BR,OK
50,LEMONTHY,1,30,42.83,1,YES,YES,0,1000,-9900,9900,10,5,BR,OK
52,ROWALLAN,1,11,-53.95,1,YES,YES,0,1000,-9900,9900,10,5,BR,OK
54,TAMAR VA,1,200,30.77,1,YES,YES,0,210,-9900,9900,10,5,BR,OK
121,NBUS,1,43,76.46,1,YES,YES,0,60,-9900,9900,10,5,BR,OK
14,PALOONA,1,10.8,600.94,1,NO,YES,0,140,-9900,9900,100,6,BR,BLACKOUT
21,DEVILS B,1,-387.07,516.68,1.02,YES,YES,0,200,-9900,9900,100,6,BR,BLACKOUT
33,SLACK,1,-31.5,-17.46,1.02,NO,YES,0,300,-9900,9900,100,6,BR,BLACKOUT
33,SLACK,2,-14.7,-17.46,1.02,YES,YES,0,140,-9900,9900,100,6,BR,BLACKOUT
38,MACKINTO,1,80,-41.18,1,YES,YES,0,1000,-9900,9900,10,6,BR,BLACKOUT
43,BASTYAN,1,80,14.23,1,YES,YES,0,1000,-9900,9900,10,6,BR,BLACKOUT
44,JOHN BUT,1,144,0.29,1,YES,YES,0,1000,-9900,9900,10,6,BR,BLACKOUT
45,TRIBUTE,1,83,13.52,1,YES,YES,0,1000,-9900,9900,10,6,BR,BLACKOUT
46,REECE,1,115,6.25,1,YES,YES,0,1000,-9900,9900,10,6,BR,BLACKOUT
47,REECE,1,115,6.25,1,YES,YES,0,1000,-9900,9900,10,6,BR,BLACKOUT
48,CETHANA,1,85,156.87,1,YES,YES,0,1000,-9900,9900,10,6,BR,BLACKOUT
49,WILMOT,1,51,165.99,1,YES,YES,0,1000,-9900,9900,10,6,BR,BLACKOUT
50,LEMONTHY,1,30,172.08,1,YES,YES,0,1000,-9900,9900,10,6,BR,BLACKOUT
52,ROWALLAN,1,11,-205.11,1,YES,YES,0,1000,-9900,9900,10,6,BR,BLACKOUT
54,TAMAR VA,1,200,109.29,1,YES,YES,0,210,-9900,9900,10,6,BR,BLACKOUT
121,NBUS,1,43,394.8,1,YES,YES,0,60,-9900,9900,10,6,BR,BLACKOUT
14,PALOONA,1,10.8,321.44,1,NO,YES,0,140,-9900,9900,100,7,BR,BLACKOUT
21,DEVILS B,1,-222.73,154.38,1.02,YES,YES,0,200,-9900,9900,100,7,BR,BLACKOUT
33,SLACK,1,-213.42,132.25,1.02,NO,YES,0,300,-9900,9900,100,7,BR,BLACKOUT
33,SLACK,2,-99.6,132.25,1.02,YES,YES,0,140,-9900,9900,100,7,BR,BLACKOUT
38,MACKINTO,1,80,147.99,1,YES,YES,0,1000,-9900,9900,10,7,BR,BLACKOUT
43,BASTYAN,1,80,48.24,1,YES,YES,0,1000,-9900,9900,10,7,BR,BLACKOUT
44,JOHN BUT,1,144,34.97,1,YES,YES,0,1000,-9900,9900,10,7,BR,BLACKOUT
45,TRIBUTE,1,83,47.56,1,YES,YES,0,1000,-9900,9900,10,7,BR,BLACKOUT
46,REECE,1,115,40.64,1,YES,YES,0,1000,-9900,9900,10,7,BR,BLACKOUT
47,REECE,1,115,40.64,1,YES,YES,0,1000,-9900,9900,10,7,BR,BLACKOUT
48,CETHANA,1,0,0,1,YES,YES,0,1000,-9900,9900,10,7,BR,BLACKOUT
49,WILMOT,1,0,0,1,YES,YES,0,1000,-9900,9900,10,7,BR,BLACKOUT
50,LEMONTHY,1,0,0,1,YES,YES,0,1000,-9900,9900,10,7,BR,BLACKOUT
52,ROWALLAN,1,-42.71,11.32,1,YES,YES,0,1000,-9900,9900,10,7,BR,BLACKOUT
54,TAMAR VA,1,0,0,1,YES,YES,0,210,-9900,9900,10,7,BR,BLACKOUT
121,NBUS,1,43,-28.17,1,YES,YES,0,60,-9900,9900,10,7,BR,BLACKOUT
14,PALOONA,1,10.8,97.51,1,NO,YES,0,140,-9900,9900,100,8,BR,OK
21,DEVILS B,1,-199.73,87.78,1.02,YES,YES,0,200,-9900,9900,100,8,BR,OK
33,SLACK,1,-217.82,89.56,1.02,NO,YES,0,300,-9900,9900,100,8,BR,OK
33,SLACK,2,-101.65,89.56,1.02,YES,YES,0,140,-9900,9900,100,8,BR,OK
38,MACKINTO,1,80,-41.28,1,YES,YES,0,1000,-9900,9900,10,8,BR,OK
43,BASTYAN,1,80,0.13,1,YES,YES,0,1000,-9900,9900,10,8,BR,OK
44,JOHN BUT,1,144,-11.71,1,YES,YES,0,1000,-9900,9900,10,8,BR,OK
45,TRIBUTE,1,83,-0.48,1,YES,YES,0,1000,-9900,9900,10,8,BR,OK
46,REECE,1,115,-6.65,1,YES,YES,0,1000,-9900,9900,10,8,BR,OK
47,REECE,1,115,-6.65,1,YES,YES,0,1000,-9900,9900,10,8,BR,OK
48,CETHANA,1,85,56.32,1,YES,YES,0,1000,-9900,9900,10,8,BR,OK
49,WILMOT,1,51,63.77,1,YES,YES,0,1000,-9900,9900,10,8,BR,OK
50,LEMONTHY,1,30,68.75,1,YES,YES,0,1000,-9900,9900,10,8,BR,OK
52,ROWALLAN,1,11,-79.49,1,YES,YES,0,1000,-9900,9900,10,8,BR,OK
54,TAMAR VA,1,200,46.2,1,YES,YES,0,210,-9900,9900,10,8,BR,OK
121,NBUS,1,43,130.77,1,YES,YES,0,60,-9900,9900,10,8,BR,OK
14,PALOONA,1,10.8,-66.64,1,NO,YES,0,140,-9900,9900,100,9,BR,OK
21,DEVILS B,1,50.41,-2.79,1.02,YES,YES,0,200,-9900,9900,100,9,BR,OK
33,SLACK,1,-84.31,8.47,1.02,NO,YES,0,300,-9900,9900,100,9,BR,OK
33,SLACK,2,-39.34,8.47,1.02,YES,YES,0,140,-9900,9900,100,9,BR,OK
38,MACKINTO,1,80,-53.34,1,YES,YES,0,1000,-9900,9900,10,9,BR,OK
43,BASTYAN,1,0,0,1,YES,YES,0,1000,-9900,9900,10,9,BR,OK
44,JOHN BUT,1,0,0,1,YES,YES,0,1000,-9900,9900,10,9,BR,OK
45,TRIBUTE,1,0,0,1,YES,YES,0,1000,-9900,9900,10,9,BR,OK
46,REECE,1,0,0,1,YES,YES,0,1000,-9900,9900,10,9,BR,OK
47,REECE,1,0,0,1,YES,YES,0,1000,-9900,9900,10,9,BR,OK
48,CETHANA,1,85,-22.92,1,YES,YES,0,1000,-9900,9900,10,9,BR,OK
49,WILMOT,1,51,-15.81,1,YES,YES,0,1000,-9900,9900,10,9,BR,OK
50,LEMONTHY,1,30,-11.07,1,YES,YES,0,1000,-9900,9900,10,9,BR,OK
52,ROWALLAN,1,11,-0.73,1,YES,YES,0,1000,-9900,9900,10,9,BR,OK
54,TAMAR VA,1,200,-1,1,YES,YES,0,210,-9900,9900,10,9,BR,OK
121,NBUS,1,43,-31.75,1,YES,YES,0,60,-9900,9900,10,9,BR,OK
14,PALOONA,1,10.8,154.44,1,NO,YES,0,140,-9900,9900,100,10,BR,OK
21,DEVILS B,1,-264.37,141.37,1.02,YES,YES,0,200,-9900,9900,100,10,BR,OK
33,SLACK,1,-256.9,133.11,1.02,NO,YES,0,300,-9900,9900,100,10,BR,OK
33,SLACK,2,-119.89,133.11,1.02,YES,YES,0,140,-9900,9900,100,10,BR,OK
38,MACKINTO,1,80,20.94,1,YES,YES,0,1000,-9900,9900,10,10,BR,OK
43,BASTYAN,1,80,-0.46,1,YES,YES,0,1000,-9900,9900,10,10,BR,OK
44,JOHN BUT,1,144,-12.3,1,YES,YES,0,1000,-9900,9900,10,10,BR,OK
45,TRIBUTE,1,83,-1.07,1,YES,YES,0,1000,-9900,9900,10,10,BR,OK
46,REECE,1,115,-7.24,1,YES,YES,0,1000,-9900,9900,10,10,BR,OK
47,REECE,1,115,-7.24,1,YES,YES,0,1000,-9900,9900,10,10,BR,OK
48,CETHANA,1,85,42.8,1,YES,YES,0,1000,-9900,9900,10,10,BR,OK
49,WILMOT,1,51,50.19,1,YES,YES,0,1000,-9900,9900,10,10,BR,OK
50,LEMONTHY,1,30,55.13,1,YES,YES,0,1000,-9900,9900,10,10,BR,OK
52,ROWALLAN,1,11,-66.05,1,YES,YES,0,1000,-9900,9900,10,10,BR,OK
54,TAMAR VA,1,200,17.78,1,YES,YES,0,210,-9900,9900,10,10,BR,OK
121,NBUS,1,43,102,1,YES,YES,0,60,-9900,9900,10,10,BR,OK
14,PALOONA,1,10.8,168.41,1,NO,YES,0,140,-9900,9900,100,11,BR,BLACKOUT
21,DEVILS B,1,-171.64,48.48,1.02,YES,YES,0,200,-9900,9900,100,11,BR,BLACKOUT
33,SLACK,1,-252.43,196.85,1.02,NO,YES,0,300,-9900,9900,100,11,BR,BLACKOUT
33,SLACK,2,-117.8,196.85,1.02,YES,YES,0,140,-9900,9900,100,11,BR,BLACKOUT
38,MACKINTO,1,80,33.42,1,YES,YES,0,1000,-9900,9900,10,11,BR,BLACKOUT
43,BASTYAN,1,80,3.1,1,YES,YES,0,1000,-9900,9900,10,11,BR,BLACKOUT
44,JOHN BUT,1,144,-10.58,1,YES,YES,0,1000,-9900,9900,10,11,BR,BLACKOUT
45,TRIBUTE,1,83,2.39,1,YES,YES,0,1000,-9900,9900,10,11,BR,BLACKOUT
46,REECE,1,115,-4.74,1,YES,YES,0,1000,-9900,9900,10,11,BR,BLACKOUT
47,REECE,1,115,-4.74,1,YES,YES,0,1000,-9900,9900,10,11,BR,BLACKOUT
48,CETHANA,1,85,59.76,1,YES,YES,0,1000,-9900,9900,10,11,BR,BLACKOUT
49,WILMOT,1,51,68.32,1,YES,YES,0,1000,-9900,9900,10,11,BR,BLACKOUT
50,LEMONTHY,1,30,74.02,1,YES,YES,0,1000,-9900,9900,10,11,BR,BLACKOUT
52,ROWALLAN,1,11,-97.24,1,YES,YES,0,1000,-9900,9900,10,11,BR,BLACKOUT
54,TAMAR VA,1,200,50.09,1,YES,YES,0,210,-9900,9900,10,11,BR,BLACKOUT
121,NBUS,1,43,156.85,1,YES,YES,0,60,-9900,9900,10,11,BR,BLACKOUT
14,PALOONA,1,10.8,144,1,NO,YES,0,140,-9900,9900,100,12,BR,OK
21,DEVILS B,1,-260.49,138.03,1.02,YES,YES,0,200,-9900,9900,100,12,BR,OK
33,SLACK,1,-179.1,100.95,1.02,NO,YES,0,300,-9900,9900,100,12,BR,OK
33,SLACK,2,-83.58,100.95,1.02,YES,YES,0,140,-9900,9900,100,12,BR,OK
38,MACKINTO,1,80,33.06,1,YES,YES,0,1000,-9900,9900,10,12,BR,OK
43,BASTYAN,1,80,-0.37,1,YES,YES,0,1000,-9900,9900,10,12,BR,OK
44,JOHN BUT,1,144,-12.2,1,YES,YES,0,1000,-9900,9900,10,12,BR,OK
45,TRIBUTE,1,83,-0.98,1,YES,YES,0,1000,-9900,9900,10,12,BR,OK
46,REECE,1,115,-7.14,1,YES,YES,0,1000,-9900,9900,10,12,BR,OK
47,REECE,1,115,-7.14,1,YES,YES,0,1000,-9900,9900,10,12,BR,OK
48,CETHANA,1,85,36.77,1,YES,YES,0,1000,-9900,9900,10,12,BR,OK
49,WILMOT,1,51,44.14,1,YES,YES,0,1000,-9900,9900,10,12,BR,OK
50,LEMONTHY,1,30,49.05,1,YES,YES,0,1000,-9900,9900,10,12,BR,OK
52,ROWALLAN,1,11,-60.1,1,YES,YES,0,1000,-9900,9900,10,12,BR,OK
54,TAMAR VA,1,200,34.47,1,YES,YES,0,210,-9900,9900,10,12,BR,OK
121,NBUS,1,43,89.39,1,YES,YES,0,60,-9900,9900,10,12,BR,OK
14,PALOONA,1,10.8,-64.57,1,NO,YES,0,140,-9900,9900,100,13,BR,OK
21,DEVILS B,1,30.27,-3.02,1.02,YES,YES,0,200,-9900,9900,100,13,BR,OK
33,SLACK,1,-91.11,11.15,1.02,NO,YES,0,300,-9900,9900,100,13,BR,OK
33,SLACK,2,-42.52,11.15,1.02,YES,YES,0,140,-9900,9900,100,13,BR,OK
38,MACKINTO,1,-451.44,251.49,1,YES,YES,0,1000,-9900,9900,10,13,BR,OK
43,BASTYAN,1,80,0.52,1,YES,YES,0,1000,-9900,9900,10,13,BR,OK
44,JOHN BUT,1,144,-11.32,1,YES,YES,0,1000,-9900,9900,10,13,BR,OK
45,TRIBUTE,1,83,-0.09,1,YES,YES,0,1000,-9900,9900,10,13,BR,OK
46,REECE,1,115,-6.26,1,YES,YES,0,1000,-9900,9900,10,13,BR,OK
47,REECE,1,115,-6.26,1,YES,YES,0,1000,-9900,9900,10,13,BR,OK
48,CETHANA,1,85,-23.92,1,YES,YES,0,1000,-9900,9900,10,13,BR,OK
49,WILMOT,1,51,-16.81,1,YES,YES,0,1000,-9900,9900,10,13,BR,OK
50,LEMONTHY,1,30,-12.07,1,YES,YES,0,1000,-9900,9900,10,13,BR,OK
52,ROWALLAN,1,11,0.26,1,YES,YES,0,1000,-9900,9900,10,13,BR,OK
54,TAMAR VA,1,200,-24.52,1,YES,YES,0,210,-9900,9900,10,13,BR,OK
121,NBUS,1,43,-33.69,1,YES,YES,0,60,-9900,9900,10,13,BR,OK
14,PALOONA,1,10.8,-69.9,1,NO,YES,0,140,-9900,9900,100,14,BR,OK
21,DEVILS B,1,85.57,-1.69,1.02,YES,YES,0,200,-9900,9900,100,14,BR,OK
33,SLACK,1,-54.77,2.93,1.02,NO,YES,0,300,-9900,9900,100,14,BR,OK
33,SLACK,2,-25.56,2.93,1.02,YES,YES,0,140,-9900,9900,100,14,BR,OK
38,MACKINTO,1,-451.44,251.49,1,YES,YES,0,1000,-9900,9900,10,14,BR,OK
43,BASTYAN,1,80,0.52,1,YES,YES,0,1000,-9900,9900,10,14,BR,OK
44,JOHN BUT,1,144,-11.32,1,YES,YES,0,1000,-9900,9900,10,14,BR,OK
45,TRIBUTE,1,83,-0.09,1,YES,YES,0,1000,-9900,9900,10,14,BR,OK
46,REECE,1,115,-6.26,1,YES,YES,0,1000,-9900,9900,10,14,BR,OK
47,REECE,1,115,-6.26,1,YES,YES,0,1000,-9900,9900,10,14,BR,OK
48,CETHANA,1,85,-19.58,1,YES,YES,0,1000,-9900,9900,10,14,BR,OK
49,WILMOT,1,51,-12.46,1,YES,YES,0,1000,-9900,9900,10,14,BR,OK
50,LEMONTHY,1,30,-7.71,1,YES,YES,0,1000,-9900,9900,10,14,BR,OK
52,ROWALLAN,1,11,-4.07,1,YES,YES,0,1000,-9900,9900,10,14,BR,OK
54,TAMAR VA,1,200,0.97,1,YES,YES,0,210,-9900,9900,10,14,BR,OK
121,NBUS,1,43,-25.15,1,YES,YES,0,60,-9900,9900,10,14,BR,OK
14,PALOONA,1,10.8,320.83,1,NO,YES,0,140,-9900,9900,100,15,BR,OK
21,DEVILS B,1,-295.06,216.84,1.02,YES,YES,0,200,-9900,9900,100,15,BR,OK
33,SLACK,1,-119.5,54.18,1.02,NO,YES,0,300,-9900,9900,100,15,BR,OK
33,SLACK,2,-55.77,54.18,1.02,YES,YES,0,140,-9900,9900,100,15,BR,OK
38,MACKINTO,1,80,-37.76,1,YES,YES,0,1000,-9900,9900,10,15,BR,OK
43,BASTYAN,1,80,7.11,1,YES,YES,0,1000,-9900,9900,10,15,BR,OK
44,JOHN BUT,1,144,-4.78,1,YES,YES,0,1000,-9900,9900,10,15,BR,OK
45,TRIBUTE,1,83,6.49,1,YES,YES,0,1000,-9900,9900,10,15,BR,OK
46,REECE,1,115,0.3,1,YES,YES,0,1000,-9900,9900,10,15,BR,OK
47,REECE,1,115,0.3,1,YES,YES,0,1000,-9900,9900,10,15,BR,OK
48,CETHANA,1,85,101.56,1,YES,YES,0,1000,-9900,9900,10,15,BR,OK
49,WILMOT,1,51,109.22,1,YES,YES,0,1000,-9900,9900,10,15,BR,OK
50,LEMONTHY,1,30,114.34,1,YES,YES,0,1000,-9900,9900,10,15,BR,OK
52,ROWALLAN,1,11,-124.63,1,YES,YES,0,1000,-9900,9900,10,15,BR,OK
54,TAMAR VA,1,200,73.62,1,YES,YES,0,210,-9900,9900,10,15,BR,OK
121,NBUS,1,43,230.38,1,YES,YES,0,60,-9900,9900,10,15,BR,OK
14,PALOONA,1,10.8,144,1,NO,YES,0,140,-9900,9900,100,16,BR,OK
21,DEVILS B,1,-260.49,138.03,1.02,YES,YES,0,200,-9900,9900,100,16,BR,OK
33,SLACK,1,-179.1,100.95,1.02,NO,YES,0,300,-9900,9900,100,16,BR,OK
33,SLACK,2,-83.58,100.95,1.02,YES,YES,0,140,-9900,9900,100,16,BR,OK
38,MACKINTO,1,80,33.06,1,YES,YES,0,1000,-9900,9900,10,16,BR,OK
43,BASTYAN,1,80,-0.37,1,YES,YES,0,1000,-9900,9900,10,16,BR,OK
44,JOHN BUT,1,144,-12.2,1,YES,YES,0,1000,-9900,9900,10,16,BR,OK
45,TRIBUTE,1,83,-0.98,1,YES,YES,0,1000,-9900,9900,10,16,BR,OK
46,REECE,1,115,-7.14,1,YES,YES,0,1000,-9900,9900,10,16,BR,OK
47,REECE,1,115,-7.14,1,YES,YES,0,1000,-9900,9900,10,16,BR,OK
48,CETHANA,1,85,36.77,1,YES,YES,0,1000,-9900,9900,10,16,BR,OK
49,WILMOT,1,51,44.14,1,YES,YES,0,1000,-9900,9900,10,16,BR,OK
50,LEMONTHY,1,30,49.05,1,YES,YES,0,1000,-9900,9900,10,16,BR,OK
52,ROWALLAN,1,11,-60.1,1,YES,YES,0,1000,-9900,9900,10,16,BR,OK
54,TAMAR VA,1,200,34.47,1,YES,YES,0,210,-9900,9900,10,16,BR,OK
121,NBUS,1,43,89.39,1,YES,YES,0,60,-9900,9900,10,16,BR,OK
14,PALOONA,1,10.8,258.77,1,NO,YES,0,140,-9900,9900,100,17,BR,BLACKOUT
21,DEVILS B,1,-55.05,-6.63,1.02,YES,YES,0,200,-9900,9900,100,17,BR,BLACKOUT
33,SLACK,1,-314.13,261.83,1.02,NO,YES,0,300,-9900,9900,100,17,BR,BLACKOUT
33,SLACK,2,-146.59,261.83,1.02,YES,YES,0,140,-9900,9900,100,17,BR,BLACKOUT
38,MACKINTO,1,80,32.18,1,YES,YES,0,1000,-9900,9900,10,17,BR,BLACKOUT
43,BASTYAN,1,80,1.89,1,YES,YES,0,1000,-9900,9900,10,17,BR,BLACKOUT
44,JOHN BUT,1,144,-11.8,1,YES,YES,0,1000,-9900,9900,10,17,BR,BLACKOUT
45,TRIBUTE,1,83,1.18,1,YES,YES,0,1000,-9900,9900,10,17,BR,BLACKOUT
46,REECE,1,115,-5.95,1,YES,YES,0,1000,-9900,9900,10,17,BR,BLACKOUT
47,REECE,1,115,-5.95,1,YES,YES,0,1000,-9900,9900,10,17,BR,BLACKOUT
48,CETHANA,1,85,54.11,1,YES,YES,0,1000,-9900,9900,10,17,BR,BLACKOUT
49,WILMOT,1,51,62.65,1,YES,YES,0,1000,-9900,9900,10,17,BR,BLACKOUT
50,LEMONTHY,1,30,68.35,1,YES,YES,0,1000,-9900,9900,10,17,BR,BLACKOUT
52,ROWALLAN,1,11,-93.24,1,YES,YES,0,1000,-9900,9900,10,17,BR,BLACKOUT
54,TAMAR VA,1,200,46.72,1,YES,YES,0,210,-9900,9900,10,17,BR,BLACKOUT
121,NBUS,1,43,147.33,1,YES,YES,0,60,-9900,9900,10,17,BR,BLACKOUT
14,PALOONA,1,10.8,169.29,1,NO,YES,0,140,-9900,9900,100,18,BR,BLACKOUT
21,DEVILS B,1,-81.08,0.79,1.02,YES,YES,0,200,-9900,9900,100,18,BR,BLACKOUT
33,SLACK,1,-298.04,247.1,1.02,NO,YES,0,300,-9900,9900,100,18,BR,BLACKOUT
33,SLACK,2,-139.08,247.1,1.02,YES,YES,0,140,-9900,9900,100,18,BR,BLACKOUT
38,MACKINTO,1,80,39.43,1,YES,YES,0,1000,-9900,9900,10,18,BR,BLACKOUT
43,BASTYAN,1,80,3.96,1,YES,YES,0,1000,-9900,9900,10,18,BR,BLACKOUT
44,JOHN BUT,1,144,-9.88,1,YES,YES,0,1000,-9900,9900,10,18,BR,BLACKOUT
45,TRIBUTE,1,83,3.24,1,YES,YES,0,1000,-9900,9900,10,18,BR,BLACKOUT
46,REECE,1,115,-3.97,1,YES,YES,0,1000,-9900,9900,10,18,BR,BLACKOUT
47,REECE,1,115,-3.97,1,YES,YES,0,1000,-9900,9900,10,18,BR,BLACKOUT
48,CETHANA,1,85,61.52,1,YES,YES,0,1000,-9900,9900,10,18,BR,BLACKOUT
49,WILMOT,1,51,70.17,1,YES,YES,0,1000,-9900,9900,10,18,BR,BLACKOUT
50,LEMONTHY,1,30,75.94,1,YES,YES,0,1000,-9900,9900,10,18,BR,BLACKOUT
52,ROWALLAN,1,11,-99.91,1,YES,YES,0,1000,-9900,9900,10,18,BR,BLACKOUT
54,TAMAR VA,1,200,51.29,1,YES,YES,0,210,-9900,9900,10,18,BR,BLACKOUT
121,NBUS,1,43,161.72,1,YES,YES,0,60,-9900,9900,10,18,BR,BLACKOUT
14,PALOONA,1,10.8,325.64,1,NO,YES,0,140,-9900,9900,100,19,BR,BLACKOUT
21,DEVILS B,1,-450.77,571.32,1.02,YES,YES,0,200,-9900,9900,100,19,BR,BLACKOUT
33,SLACK,1,0,0,1.02,NO,YES,0,300,-9900,9900,100,19,BR,BLACKOUT
33,SLACK,2,0,0,1.02,YES,YES,0,140,-9900,9900,100,19,BR,BLACKOUT
38,MACKINTO,1,80,6.39,1,YES,YES,0,1000,-9900,9900,10,19,BR,BLACKOUT
43,BASTYAN,1,80,-1.45,1,YES,YES,0,1000,-9900,9900,10,19,BR,BLACKOUT
44,JOHN BUT,1,144,-14.74,1,YES,YES,0,1000,-9900,9900,10,19,BR,BLACKOUT
45,TRIBUTE,1,83,-2.14,1,YES,YES,0,1000,-9900,9900,10,19,BR,BLACKOUT
46,REECE,1,115,-9.06,1,YES,YES,0,1000,-9900,9900,10,19,BR,BLACKOUT
47,REECE,1,115,-9.06,1,YES,YES,0,1000,-9900,9900,10,19,BR,BLACKOUT
48,CETHANA,1,85,53.28,1,YES,YES,0,1000,-9900,9900,10,19,BR,BLACKOUT
49,WILMOT,1,51,61.58,1,YES,YES,0,1000,-9900,9900,10,19,BR,BLACKOUT
50,LEMONTHY,1,30,67.13,1,YES,YES,0,1000,-9900,9900,10,19,BR,BLACKOUT
52,ROWALLAN,1,11,-94.88,1,YES,YES,0,1000,-9900,9900,10,19,BR,BLACKOUT
54,TAMAR VA,1,200,45.83,1,YES,YES,0,210,-9900,9900,10,19,BR,BLACKOUT
121,NBUS,1,43,150.59,1,YES,YES,0,60,-9900,9900,10,19,BR,BLACKOUT
